{
  "api1": 1321,
  "api2": 1325,
  "total": 2646,
  "api1_pct": 49.9244142101285,
  "api2_pct": 50.0755857898715,
  "p95_ms": 24.583123599999983,
  "rps": 87.81378273936484
}